"Icon","Density","ExpectedPx","Path","Status","Width","Height","Bytes"
"ic_arrow_left","hdpi","36","D:\RanD_Project_2025\Project_ChiKiPay_2025\ChiKiPay_Farsi_V6\app\src\main\res\drawable-hdpi\ic_arrow_left.webp","OK","36","36","138"
"ic_arrow_left","mdpi","24","D:\RanD_Project_2025\Project_ChiKiPay_2025\ChiKiPay_Farsi_V6\app\src\main\res\drawable-mdpi\ic_arrow_left.webp","OK","24","24","106"
"ic_arrow_left","xhdpi","48","D:\RanD_Project_2025\Project_ChiKiPay_2025\ChiKiPay_Farsi_V6\app\src\main\res\drawable-xhdpi\ic_arrow_left.webp","OK","48","48","150"
"ic_arrow_left","xxhdpi","72","D:\RanD_Project_2025\Project_ChiKiPay_2025\ChiKiPay_Farsi_V6\app\src\main\res\drawable-xxhdpi\ic_arrow_left.webp","OK","72","72","190"
"ic_arrow_left","xxxhdpi","96","D:\RanD_Project_2025\Project_ChiKiPay_2025\ChiKiPay_Farsi_V6\app\src\main\res\drawable-xxxhdpi\ic_arrow_left.webp","OK","96","96","248"
"ic_arrow_right","hdpi","36","D:\RanD_Project_2025\Project_ChiKiPay_2025\ChiKiPay_Farsi_V6\app\src\main\res\drawable-hdpi\ic_arrow_right.webp","OK","36","36","136"
"ic_arrow_right","mdpi","24","D:\RanD_Project_2025\Project_ChiKiPay_2025\ChiKiPay_Farsi_V6\app\src\main\res\drawable-mdpi\ic_arrow_right.webp","OK","24","24","106"
"ic_arrow_right","xhdpi","48","D:\RanD_Project_2025\Project_ChiKiPay_2025\ChiKiPay_Farsi_V6\app\src\main\res\drawable-xhdpi\ic_arrow_right.webp","OK","48","48","150"
"ic_arrow_right","xxhdpi","72","D:\RanD_Project_2025\Project_ChiKiPay_2025\ChiKiPay_Farsi_V6\app\src\main\res\drawable-xxhdpi\ic_arrow_right.webp","OK","72","72","192"
"ic_arrow_right","xxxhdpi","96","D:\RanD_Project_2025\Project_ChiKiPay_2025\ChiKiPay_Farsi_V6\app\src\main\res\drawable-xxxhdpi\ic_arrow_right.webp","OK","96","96","254"
"ic_bank","hdpi","36","D:\RanD_Project_2025\Project_ChiKiPay_2025\ChiKiPay_Farsi_V6\app\src\main\res\drawable-hdpi\ic_bank.webp","OK","36","36","140"
"ic_bank","mdpi","24","D:\RanD_Project_2025\Project_ChiKiPay_2025\ChiKiPay_Farsi_V6\app\src\main\res\drawable-mdpi\ic_bank.webp","OK","24","24","104"
"ic_bank","xhdpi","48","D:\RanD_Project_2025\Project_ChiKiPay_2025\ChiKiPay_Farsi_V6\app\src\main\res\drawable-xhdpi\ic_bank.webp","OK","48","48","160"
"ic_bank","xxhdpi","72","D:\RanD_Project_2025\Project_ChiKiPay_2025\ChiKiPay_Farsi_V6\app\src\main\res\drawable-xxhdpi\ic_bank.webp","OK","72","72","222"
"ic_bank","xxxhdpi","96","D:\RanD_Project_2025\Project_ChiKiPay_2025\ChiKiPay_Farsi_V6\app\src\main\res\drawable-xxxhdpi\ic_bank.webp","OK","96","96","272"
"ic_bell","hdpi","36","D:\RanD_Project_2025\Project_ChiKiPay_2025\ChiKiPay_Farsi_V6\app\src\main\res\drawable-hdpi\ic_bell.webp","OK","36","36","152"
"ic_bell","mdpi","24","D:\RanD_Project_2025\Project_ChiKiPay_2025\ChiKiPay_Farsi_V6\app\src\main\res\drawable-mdpi\ic_bell.webp","OK","24","24","112"
"ic_bell","xhdpi","48","D:\RanD_Project_2025\Project_ChiKiPay_2025\ChiKiPay_Farsi_V6\app\src\main\res\drawable-xhdpi\ic_bell.webp","OK","48","48","174"
"ic_bell","xxhdpi","72","D:\RanD_Project_2025\Project_ChiKiPay_2025\ChiKiPay_Farsi_V6\app\src\main\res\drawable-xxhdpi\ic_bell.webp","OK","72","72","228"
"ic_bell","xxxhdpi","96","D:\RanD_Project_2025\Project_ChiKiPay_2025\ChiKiPay_Farsi_V6\app\src\main\res\drawable-xxxhdpi\ic_bell.webp","OK","96","96","294"
"ic_bluetooth","hdpi","36","D:\RanD_Project_2025\Project_ChiKiPay_2025\ChiKiPay_Farsi_V6\app\src\main\res\drawable-hdpi\ic_bluetooth.webp","OK","36","36","170"
"ic_bluetooth","mdpi","24","D:\RanD_Project_2025\Project_ChiKiPay_2025\ChiKiPay_Farsi_V6\app\src\main\res\drawable-mdpi\ic_bluetooth.webp","OK","24","24","126"
"ic_bluetooth","xhdpi","48","D:\RanD_Project_2025\Project_ChiKiPay_2025\ChiKiPay_Farsi_V6\app\src\main\res\drawable-xhdpi\ic_bluetooth.webp","OK","48","48","204"
"ic_bluetooth","xxhdpi","72","D:\RanD_Project_2025\Project_ChiKiPay_2025\ChiKiPay_Farsi_V6\app\src\main\res\drawable-xxhdpi\ic_bluetooth.webp","OK","72","72","282"
"ic_bluetooth","xxxhdpi","96","D:\RanD_Project_2025\Project_ChiKiPay_2025\ChiKiPay_Farsi_V6\app\src\main\res\drawable-xxxhdpi\ic_bluetooth.webp","OK","96","96","376"
"ic_calendar","hdpi","36","D:\RanD_Project_2025\Project_ChiKiPay_2025\ChiKiPay_Farsi_V6\app\src\main\res\drawable-hdpi\ic_calendar.webp","OK","36","36","126"
"ic_calendar","mdpi","24","D:\RanD_Project_2025\Project_ChiKiPay_2025\ChiKiPay_Farsi_V6\app\src\main\res\drawable-mdpi\ic_calendar.webp","OK","24","24","104"
"ic_calendar","xhdpi","48","D:\RanD_Project_2025\Project_ChiKiPay_2025\ChiKiPay_Farsi_V6\app\src\main\res\drawable-xhdpi\ic_calendar.webp","OK","48","48","142"
"ic_calendar","xxhdpi","72","D:\RanD_Project_2025\Project_ChiKiPay_2025\ChiKiPay_Farsi_V6\app\src\main\res\drawable-xxhdpi\ic_calendar.webp","OK","72","72","180"
"ic_calendar","xxxhdpi","96","D:\RanD_Project_2025\Project_ChiKiPay_2025\ChiKiPay_Farsi_V6\app\src\main\res\drawable-xxxhdpi\ic_calendar.webp","OK","96","96","224"
"ic_camera","hdpi","36","D:\RanD_Project_2025\Project_ChiKiPay_2025\ChiKiPay_Farsi_V6\app\src\main\res\drawable-hdpi\ic_camera.webp","OK","36","36","132"
"ic_camera","mdpi","24","D:\RanD_Project_2025\Project_ChiKiPay_2025\ChiKiPay_Farsi_V6\app\src\main\res\drawable-mdpi\ic_camera.webp","OK","24","24","114"
"ic_camera","xhdpi","48","D:\RanD_Project_2025\Project_ChiKiPay_2025\ChiKiPay_Farsi_V6\app\src\main\res\drawable-xhdpi\ic_camera.webp","OK","48","48","164"
"ic_camera","xxhdpi","72","D:\RanD_Project_2025\Project_ChiKiPay_2025\ChiKiPay_Farsi_V6\app\src\main\res\drawable-xxhdpi\ic_camera.webp","OK","72","72","216"
"ic_camera","xxxhdpi","96","D:\RanD_Project_2025\Project_ChiKiPay_2025\ChiKiPay_Farsi_V6\app\src\main\res\drawable-xxxhdpi\ic_camera.webp","OK","96","96","276"
"ic_card","hdpi","36","D:\RanD_Project_2025\Project_ChiKiPay_2025\ChiKiPay_Farsi_V6\app\src\main\res\drawable-hdpi\ic_card.webp","OK","36","36","120"
"ic_card","mdpi","24","D:\RanD_Project_2025\Project_ChiKiPay_2025\ChiKiPay_Farsi_V6\app\src\main\res\drawable-mdpi\ic_card.webp","OK","24","24","102"
"ic_card","xhdpi","48","D:\RanD_Project_2025\Project_ChiKiPay_2025\ChiKiPay_Farsi_V6\app\src\main\res\drawable-xhdpi\ic_card.webp","OK","48","48","138"
"ic_card","xxhdpi","72","D:\RanD_Project_2025\Project_ChiKiPay_2025\ChiKiPay_Farsi_V6\app\src\main\res\drawable-xxhdpi\ic_card.webp","OK","72","72","178"
"ic_card","xxxhdpi","96","D:\RanD_Project_2025\Project_ChiKiPay_2025\ChiKiPay_Farsi_V6\app\src\main\res\drawable-xxxhdpi\ic_card.webp","OK","96","96","226"
"ic_cart","hdpi","36","D:\RanD_Project_2025\Project_ChiKiPay_2025\ChiKiPay_Farsi_V6\app\src\main\res\drawable-hdpi\ic_cart.webp","OK","36","36","126"
"ic_cart","mdpi","24","D:\RanD_Project_2025\Project_ChiKiPay_2025\ChiKiPay_Farsi_V6\app\src\main\res\drawable-mdpi\ic_cart.webp","OK","24","24","100"
"ic_cart","xhdpi","48","D:\RanD_Project_2025\Project_ChiKiPay_2025\ChiKiPay_Farsi_V6\app\src\main\res\drawable-xhdpi\ic_cart.webp","OK","48","48","150"
"ic_cart","xxhdpi","72","D:\RanD_Project_2025\Project_ChiKiPay_2025\ChiKiPay_Farsi_V6\app\src\main\res\drawable-xxhdpi\ic_cart.webp","OK","72","72","192"
"ic_cart","xxxhdpi","96","D:\RanD_Project_2025\Project_ChiKiPay_2025\ChiKiPay_Farsi_V6\app\src\main\res\drawable-xxxhdpi\ic_cart.webp","OK","96","96","238"
"ic_chat","hdpi","36","D:\RanD_Project_2025\Project_ChiKiPay_2025\ChiKiPay_Farsi_V6\app\src\main\res\drawable-hdpi\ic_chat.webp","OK","36","36","130"
"ic_chat","mdpi","24","D:\RanD_Project_2025\Project_ChiKiPay_2025\ChiKiPay_Farsi_V6\app\src\main\res\drawable-mdpi\ic_chat.webp","OK","24","24","100"
"ic_chat","xhdpi","48","D:\RanD_Project_2025\Project_ChiKiPay_2025\ChiKiPay_Farsi_V6\app\src\main\res\drawable-xhdpi\ic_chat.webp","OK","48","48","160"
"ic_chat","xxhdpi","72","D:\RanD_Project_2025\Project_ChiKiPay_2025\ChiKiPay_Farsi_V6\app\src\main\res\drawable-xxhdpi\ic_chat.webp","OK","72","72","222"
"ic_chat","xxxhdpi","96","D:\RanD_Project_2025\Project_ChiKiPay_2025\ChiKiPay_Farsi_V6\app\src\main\res\drawable-xxxhdpi\ic_chat.webp","OK","96","96","278"
"ic_check","hdpi","36","D:\RanD_Project_2025\Project_ChiKiPay_2025\ChiKiPay_Farsi_V6\app\src\main\res\drawable-hdpi\ic_check.webp","OK","36","36","148"
"ic_check","mdpi","24","D:\RanD_Project_2025\Project_ChiKiPay_2025\ChiKiPay_Farsi_V6\app\src\main\res\drawable-mdpi\ic_check.webp","OK","24","24","100"
"ic_check","xhdpi","48","D:\RanD_Project_2025\Project_ChiKiPay_2025\ChiKiPay_Farsi_V6\app\src\main\res\drawable-xhdpi\ic_check.webp","OK","48","48","166"
"ic_check","xxhdpi","72","D:\RanD_Project_2025\Project_ChiKiPay_2025\ChiKiPay_Farsi_V6\app\src\main\res\drawable-xxhdpi\ic_check.webp","OK","72","72","224"
"ic_check","xxxhdpi","96","D:\RanD_Project_2025\Project_ChiKiPay_2025\ChiKiPay_Farsi_V6\app\src\main\res\drawable-xxxhdpi\ic_check.webp","OK","96","96","288"
"ic_check_circle","hdpi","36","D:\RanD_Project_2025\Project_ChiKiPay_2025\ChiKiPay_Farsi_V6\app\src\main\res\drawable-hdpi\ic_check_circle.webp","OK","36","36","178"
"ic_check_circle","mdpi","24","D:\RanD_Project_2025\Project_ChiKiPay_2025\ChiKiPay_Farsi_V6\app\src\main\res\drawable-mdpi\ic_check_circle.webp","OK","24","24","124"
"ic_check_circle","xhdpi","48","D:\RanD_Project_2025\Project_ChiKiPay_2025\ChiKiPay_Farsi_V6\app\src\main\res\drawable-xhdpi\ic_check_circle.webp","OK","48","48","212"
"ic_check_circle","xxhdpi","72","D:\RanD_Project_2025\Project_ChiKiPay_2025\ChiKiPay_Farsi_V6\app\src\main\res\drawable-xxhdpi\ic_check_circle.webp","OK","72","72","300"
"ic_check_circle","xxxhdpi","96","D:\RanD_Project_2025\Project_ChiKiPay_2025\ChiKiPay_Farsi_V6\app\src\main\res\drawable-xxxhdpi\ic_check_circle.webp","OK","96","96","408"
"ic_checkbox_off","hdpi","36","D:\RanD_Project_2025\Project_ChiKiPay_2025\ChiKiPay_Farsi_V6\app\src\main\res\drawable-hdpi\ic_checkbox_off.webp","OK","36","36","110"
"ic_checkbox_off","mdpi","24","D:\RanD_Project_2025\Project_ChiKiPay_2025\ChiKiPay_Farsi_V6\app\src\main\res\drawable-mdpi\ic_checkbox_off.webp","OK","24","24","90"
"ic_checkbox_off","xhdpi","48","D:\RanD_Project_2025\Project_ChiKiPay_2025\ChiKiPay_Farsi_V6\app\src\main\res\drawable-xhdpi\ic_checkbox_off.webp","OK","48","48","124"
"ic_checkbox_off","xxhdpi","72","D:\RanD_Project_2025\Project_ChiKiPay_2025\ChiKiPay_Farsi_V6\app\src\main\res\drawable-xxhdpi\ic_checkbox_off.webp","OK","72","72","160"
"ic_checkbox_off","xxxhdpi","96","D:\RanD_Project_2025\Project_ChiKiPay_2025\ChiKiPay_Farsi_V6\app\src\main\res\drawable-xxxhdpi\ic_checkbox_off.webp","OK","96","96","194"
"ic_checkbox_on","hdpi","36","D:\RanD_Project_2025\Project_ChiKiPay_2025\ChiKiPay_Farsi_V6\app\src\main\res\drawable-hdpi\ic_checkbox_on.webp","OK","36","36","150"
"ic_checkbox_on","mdpi","24","D:\RanD_Project_2025\Project_ChiKiPay_2025\ChiKiPay_Farsi_V6\app\src\main\res\drawable-mdpi\ic_checkbox_on.webp","OK","24","24","120"
"ic_checkbox_on","xhdpi","48","D:\RanD_Project_2025\Project_ChiKiPay_2025\ChiKiPay_Farsi_V6\app\src\main\res\drawable-xhdpi\ic_checkbox_on.webp","OK","48","48","168"
"ic_checkbox_on","xxhdpi","72","D:\RanD_Project_2025\Project_ChiKiPay_2025\ChiKiPay_Farsi_V6\app\src\main\res\drawable-xxhdpi\ic_checkbox_on.webp","OK","72","72","236"
"ic_checkbox_on","xxxhdpi","96","D:\RanD_Project_2025\Project_ChiKiPay_2025\ChiKiPay_Farsi_V6\app\src\main\res\drawable-xxxhdpi\ic_checkbox_on.webp","OK","96","96","308"
"ic_clock","hdpi","36","D:\RanD_Project_2025\Project_ChiKiPay_2025\ChiKiPay_Farsi_V6\app\src\main\res\drawable-hdpi\ic_clock.webp","OK","36","36","160"
"ic_clock","mdpi","24","D:\RanD_Project_2025\Project_ChiKiPay_2025\ChiKiPay_Farsi_V6\app\src\main\res\drawable-mdpi\ic_clock.webp","OK","24","24","118"
"ic_clock","xhdpi","48","D:\RanD_Project_2025\Project_ChiKiPay_2025\ChiKiPay_Farsi_V6\app\src\main\res\drawable-xhdpi\ic_clock.webp","OK","48","48","190"
"ic_clock","xxhdpi","72","D:\RanD_Project_2025\Project_ChiKiPay_2025\ChiKiPay_Farsi_V6\app\src\main\res\drawable-xxhdpi\ic_clock.webp","OK","72","72","256"
"ic_clock","xxxhdpi","96","D:\RanD_Project_2025\Project_ChiKiPay_2025\ChiKiPay_Farsi_V6\app\src\main\res\drawable-xxxhdpi\ic_clock.webp","OK","96","96","332"
"ic_close","hdpi","36","D:\RanD_Project_2025\Project_ChiKiPay_2025\ChiKiPay_Farsi_V6\app\src\main\res\drawable-hdpi\ic_close.webp","OK","36","36","172"
"ic_close","mdpi","24","D:\RanD_Project_2025\Project_ChiKiPay_2025\ChiKiPay_Farsi_V6\app\src\main\res\drawable-mdpi\ic_close.webp","OK","24","24","124"
"ic_close","xhdpi","48","D:\RanD_Project_2025\Project_ChiKiPay_2025\ChiKiPay_Farsi_V6\app\src\main\res\drawable-xhdpi\ic_close.webp","OK","48","48","202"
"ic_close","xxhdpi","72","D:\RanD_Project_2025\Project_ChiKiPay_2025\ChiKiPay_Farsi_V6\app\src\main\res\drawable-xxhdpi\ic_close.webp","OK","72","72","282"
"ic_close","xxxhdpi","96","D:\RanD_Project_2025\Project_ChiKiPay_2025\ChiKiPay_Farsi_V6\app\src\main\res\drawable-xxxhdpi\ic_close.webp","OK","96","96","366"
"ic_cloud_download","hdpi","36","D:\RanD_Project_2025\Project_ChiKiPay_2025\ChiKiPay_Farsi_V6\app\src\main\res\drawable-hdpi\ic_cloud_download.webp","OK","36","36","150"
"ic_cloud_download","mdpi","24","D:\RanD_Project_2025\Project_ChiKiPay_2025\ChiKiPay_Farsi_V6\app\src\main\res\drawable-mdpi\ic_cloud_download.webp","OK","24","24","112"
"ic_cloud_download","xhdpi","48","D:\RanD_Project_2025\Project_ChiKiPay_2025\ChiKiPay_Farsi_V6\app\src\main\res\drawable-xhdpi\ic_cloud_download.webp","OK","48","48","184"
"ic_cloud_download","xxhdpi","72","D:\RanD_Project_2025\Project_ChiKiPay_2025\ChiKiPay_Farsi_V6\app\src\main\res\drawable-xxhdpi\ic_cloud_download.webp","OK","72","72","252"
"ic_cloud_download","xxxhdpi","96","D:\RanD_Project_2025\Project_ChiKiPay_2025\ChiKiPay_Farsi_V6\app\src\main\res\drawable-xxxhdpi\ic_cloud_download.webp","OK","96","96","324"
"ic_cloud_upload","hdpi","36","D:\RanD_Project_2025\Project_ChiKiPay_2025\ChiKiPay_Farsi_V6\app\src\main\res\drawable-hdpi\ic_cloud_upload.webp","OK","36","36","148"
"ic_cloud_upload","mdpi","24","D:\RanD_Project_2025\Project_ChiKiPay_2025\ChiKiPay_Farsi_V6\app\src\main\res\drawable-mdpi\ic_cloud_upload.webp","OK","24","24","114"
"ic_cloud_upload","xhdpi","48","D:\RanD_Project_2025\Project_ChiKiPay_2025\ChiKiPay_Farsi_V6\app\src\main\res\drawable-xhdpi\ic_cloud_upload.webp","OK","48","48","180"
"ic_cloud_upload","xxhdpi","72","D:\RanD_Project_2025\Project_ChiKiPay_2025\ChiKiPay_Farsi_V6\app\src\main\res\drawable-xxhdpi\ic_cloud_upload.webp","OK","72","72","246"
"ic_cloud_upload","xxxhdpi","96","D:\RanD_Project_2025\Project_ChiKiPay_2025\ChiKiPay_Farsi_V6\app\src\main\res\drawable-xxxhdpi\ic_cloud_upload.webp","OK","96","96","318"
"ic_collapse","hdpi","36","D:\RanD_Project_2025\Project_ChiKiPay_2025\ChiKiPay_Farsi_V6\app\src\main\res\drawable-hdpi\ic_collapse.webp","OK","36","36","140"
"ic_collapse","mdpi","24","D:\RanD_Project_2025\Project_ChiKiPay_2025\ChiKiPay_Farsi_V6\app\src\main\res\drawable-mdpi\ic_collapse.webp","OK","24","24","102"
"ic_collapse","xhdpi","48","D:\RanD_Project_2025\Project_ChiKiPay_2025\ChiKiPay_Farsi_V6\app\src\main\res\drawable-xhdpi\ic_collapse.webp","OK","48","48","182"
"ic_collapse","xxhdpi","72","D:\RanD_Project_2025\Project_ChiKiPay_2025\ChiKiPay_Farsi_V6\app\src\main\res\drawable-xxhdpi\ic_collapse.webp","OK","72","72","242"
"ic_collapse","xxxhdpi","96","D:\RanD_Project_2025\Project_ChiKiPay_2025\ChiKiPay_Farsi_V6\app\src\main\res\drawable-xxxhdpi\ic_collapse.webp","OK","96","96","308"
"ic_copy","hdpi","36","D:\RanD_Project_2025\Project_ChiKiPay_2025\ChiKiPay_Farsi_V6\app\src\main\res\drawable-hdpi\ic_copy.webp","OK","36","36","134"
"ic_copy","mdpi","24","D:\RanD_Project_2025\Project_ChiKiPay_2025\ChiKiPay_Farsi_V6\app\src\main\res\drawable-mdpi\ic_copy.webp","OK","24","24","108"
"ic_copy","xhdpi","48","D:\RanD_Project_2025\Project_ChiKiPay_2025\ChiKiPay_Farsi_V6\app\src\main\res\drawable-xhdpi\ic_copy.webp","OK","48","48","154"
"ic_copy","xxhdpi","72","D:\RanD_Project_2025\Project_ChiKiPay_2025\ChiKiPay_Farsi_V6\app\src\main\res\drawable-xxhdpi\ic_copy.webp","OK","72","72","198"
"ic_copy","xxxhdpi","96","D:\RanD_Project_2025\Project_ChiKiPay_2025\ChiKiPay_Farsi_V6\app\src\main\res\drawable-xxxhdpi\ic_copy.webp","OK","96","96","244"
"ic_download","hdpi","36","D:\RanD_Project_2025\Project_ChiKiPay_2025\ChiKiPay_Farsi_V6\app\src\main\res\drawable-hdpi\ic_download.webp","OK","36","36","146"
"ic_download","mdpi","24","D:\RanD_Project_2025\Project_ChiKiPay_2025\ChiKiPay_Farsi_V6\app\src\main\res\drawable-mdpi\ic_download.webp","OK","24","24","108"
"ic_download","xhdpi","48","D:\RanD_Project_2025\Project_ChiKiPay_2025\ChiKiPay_Farsi_V6\app\src\main\res\drawable-xhdpi\ic_download.webp","OK","48","48","180"
"ic_download","xxhdpi","72","D:\RanD_Project_2025\Project_ChiKiPay_2025\ChiKiPay_Farsi_V6\app\src\main\res\drawable-xxhdpi\ic_download.webp","OK","72","72","238"
"ic_download","xxxhdpi","96","D:\RanD_Project_2025\Project_ChiKiPay_2025\ChiKiPay_Farsi_V6\app\src\main\res\drawable-xxxhdpi\ic_download.webp","OK","96","96","298"
"ic_edit","hdpi","36","D:\RanD_Project_2025\Project_ChiKiPay_2025\ChiKiPay_Farsi_V6\app\src\main\res\drawable-hdpi\ic_edit.webp","OK","36","36","130"
"ic_edit","mdpi","24","D:\RanD_Project_2025\Project_ChiKiPay_2025\ChiKiPay_Farsi_V6\app\src\main\res\drawable-mdpi\ic_edit.webp","OK","24","24","106"
"ic_edit","xhdpi","48","D:\RanD_Project_2025\Project_ChiKiPay_2025\ChiKiPay_Farsi_V6\app\src\main\res\drawable-xhdpi\ic_edit.webp","OK","48","48","140"
"ic_edit","xxhdpi","72","D:\RanD_Project_2025\Project_ChiKiPay_2025\ChiKiPay_Farsi_V6\app\src\main\res\drawable-xxhdpi\ic_edit.webp","OK","72","72","182"
"ic_edit","xxxhdpi","96","D:\RanD_Project_2025\Project_ChiKiPay_2025\ChiKiPay_Farsi_V6\app\src\main\res\drawable-xxxhdpi\ic_edit.webp","OK","96","96","226"
"ic_email","hdpi","36","D:\RanD_Project_2025\Project_ChiKiPay_2025\ChiKiPay_Farsi_V6\app\src\main\res\drawable-hdpi\ic_email.webp","OK","36","36","170"
"ic_email","mdpi","24","D:\RanD_Project_2025\Project_ChiKiPay_2025\ChiKiPay_Farsi_V6\app\src\main\res\drawable-mdpi\ic_email.webp","OK","24","24","132"
"ic_email","xhdpi","48","D:\RanD_Project_2025\Project_ChiKiPay_2025\ChiKiPay_Farsi_V6\app\src\main\res\drawable-xhdpi\ic_email.webp","OK","48","48","198"
"ic_email","xxhdpi","72","D:\RanD_Project_2025\Project_ChiKiPay_2025\ChiKiPay_Farsi_V6\app\src\main\res\drawable-xxhdpi\ic_email.webp","OK","72","72","288"
"ic_email","xxxhdpi","96","D:\RanD_Project_2025\Project_ChiKiPay_2025\ChiKiPay_Farsi_V6\app\src\main\res\drawable-xxxhdpi\ic_email.webp","OK","96","96","376"
"ic_expand","hdpi","36","D:\RanD_Project_2025\Project_ChiKiPay_2025\ChiKiPay_Farsi_V6\app\src\main\res\drawable-hdpi\ic_expand.webp","OK","36","36","142"
"ic_expand","mdpi","24","D:\RanD_Project_2025\Project_ChiKiPay_2025\ChiKiPay_Farsi_V6\app\src\main\res\drawable-mdpi\ic_expand.webp","OK","24","24","100"
"ic_expand","xhdpi","48","D:\RanD_Project_2025\Project_ChiKiPay_2025\ChiKiPay_Farsi_V6\app\src\main\res\drawable-xhdpi\ic_expand.webp","OK","48","48","174"
"ic_expand","xxhdpi","72","D:\RanD_Project_2025\Project_ChiKiPay_2025\ChiKiPay_Farsi_V6\app\src\main\res\drawable-xxhdpi\ic_expand.webp","OK","72","72","240"
"ic_expand","xxxhdpi","96","D:\RanD_Project_2025\Project_ChiKiPay_2025\ChiKiPay_Farsi_V6\app\src\main\res\drawable-xxxhdpi\ic_expand.webp","OK","96","96","302"
"ic_eye","hdpi","36","D:\RanD_Project_2025\Project_ChiKiPay_2025\ChiKiPay_Farsi_V6\app\src\main\res\drawable-hdpi\ic_eye.webp","OK","36","36","178"
"ic_eye","mdpi","24","D:\RanD_Project_2025\Project_ChiKiPay_2025\ChiKiPay_Farsi_V6\app\src\main\res\drawable-mdpi\ic_eye.webp","OK","24","24","128"
"ic_eye","xhdpi","48","D:\RanD_Project_2025\Project_ChiKiPay_2025\ChiKiPay_Farsi_V6\app\src\main\res\drawable-xhdpi\ic_eye.webp","OK","48","48","206"
"ic_eye","xxhdpi","72","D:\RanD_Project_2025\Project_ChiKiPay_2025\ChiKiPay_Farsi_V6\app\src\main\res\drawable-xxhdpi\ic_eye.webp","OK","72","72","290"
"ic_eye","xxxhdpi","96","D:\RanD_Project_2025\Project_ChiKiPay_2025\ChiKiPay_Farsi_V6\app\src\main\res\drawable-xxxhdpi\ic_eye.webp","OK","96","96","358"
"ic_eye_off","hdpi","36","D:\RanD_Project_2025\Project_ChiKiPay_2025\ChiKiPay_Farsi_V6\app\src\main\res\drawable-hdpi\ic_eye_off.webp","OK","36","36","192"
"ic_eye_off","mdpi","24","D:\RanD_Project_2025\Project_ChiKiPay_2025\ChiKiPay_Farsi_V6\app\src\main\res\drawable-mdpi\ic_eye_off.webp","OK","24","24","130"
"ic_eye_off","xhdpi","48","D:\RanD_Project_2025\Project_ChiKiPay_2025\ChiKiPay_Farsi_V6\app\src\main\res\drawable-xhdpi\ic_eye_off.webp","OK","48","48","212"
"ic_eye_off","xxhdpi","72","D:\RanD_Project_2025\Project_ChiKiPay_2025\ChiKiPay_Farsi_V6\app\src\main\res\drawable-xxhdpi\ic_eye_off.webp","OK","72","72","308"
"ic_eye_off","xxxhdpi","96","D:\RanD_Project_2025\Project_ChiKiPay_2025\ChiKiPay_Farsi_V6\app\src\main\res\drawable-xxxhdpi\ic_eye_off.webp","OK","96","96","450"
"ic_faceid","hdpi","36","D:\RanD_Project_2025\Project_ChiKiPay_2025\ChiKiPay_Farsi_V6\app\src\main\res\drawable-hdpi\ic_faceid.webp","OK","36","36","148"
"ic_faceid","mdpi","24","D:\RanD_Project_2025\Project_ChiKiPay_2025\ChiKiPay_Farsi_V6\app\src\main\res\drawable-mdpi\ic_faceid.webp","OK","24","24","112"
"ic_faceid","xhdpi","48","D:\RanD_Project_2025\Project_ChiKiPay_2025\ChiKiPay_Farsi_V6\app\src\main\res\drawable-xhdpi\ic_faceid.webp","OK","48","48","178"
"ic_faceid","xxhdpi","72","D:\RanD_Project_2025\Project_ChiKiPay_2025\ChiKiPay_Farsi_V6\app\src\main\res\drawable-xxhdpi\ic_faceid.webp","OK","72","72","226"
"ic_faceid","xxxhdpi","96","D:\RanD_Project_2025\Project_ChiKiPay_2025\ChiKiPay_Farsi_V6\app\src\main\res\drawable-xxxhdpi\ic_faceid.webp","OK","96","96","280"
"ic_file","hdpi","36","D:\RanD_Project_2025\Project_ChiKiPay_2025\ChiKiPay_Farsi_V6\app\src\main\res\drawable-hdpi\ic_file.webp","OK","36","36","116"
"ic_file","mdpi","24","D:\RanD_Project_2025\Project_ChiKiPay_2025\ChiKiPay_Farsi_V6\app\src\main\res\drawable-mdpi\ic_file.webp","OK","24","24","94"
"ic_file","xhdpi","48","D:\RanD_Project_2025\Project_ChiKiPay_2025\ChiKiPay_Farsi_V6\app\src\main\res\drawable-xhdpi\ic_file.webp","OK","48","48","134"
"ic_file","xxhdpi","72","D:\RanD_Project_2025\Project_ChiKiPay_2025\ChiKiPay_Farsi_V6\app\src\main\res\drawable-xxhdpi\ic_file.webp","OK","72","72","170"
"ic_file","xxxhdpi","96","D:\RanD_Project_2025\Project_ChiKiPay_2025\ChiKiPay_Farsi_V6\app\src\main\res\drawable-xxxhdpi\ic_file.webp","OK","96","96","204"
"ic_filter","hdpi","36","D:\RanD_Project_2025\Project_ChiKiPay_2025\ChiKiPay_Farsi_V6\app\src\main\res\drawable-hdpi\ic_filter.webp","OK","36","36","126"
"ic_filter","mdpi","24","D:\RanD_Project_2025\Project_ChiKiPay_2025\ChiKiPay_Farsi_V6\app\src\main\res\drawable-mdpi\ic_filter.webp","OK","24","24","98"
"ic_filter","xhdpi","48","D:\RanD_Project_2025\Project_ChiKiPay_2025\ChiKiPay_Farsi_V6\app\src\main\res\drawable-xhdpi\ic_filter.webp","OK","48","48","142"
"ic_filter","xxhdpi","72","D:\RanD_Project_2025\Project_ChiKiPay_2025\ChiKiPay_Farsi_V6\app\src\main\res\drawable-xxhdpi\ic_filter.webp","OK","72","72","172"
"ic_filter","xxxhdpi","96","D:\RanD_Project_2025\Project_ChiKiPay_2025\ChiKiPay_Farsi_V6\app\src\main\res\drawable-xxxhdpi\ic_filter.webp","OK","96","96","202"
"ic_folder","hdpi","36","D:\RanD_Project_2025\Project_ChiKiPay_2025\ChiKiPay_Farsi_V6\app\src\main\res\drawable-hdpi\ic_folder.webp","OK","36","36","116"
"ic_folder","mdpi","24","D:\RanD_Project_2025\Project_ChiKiPay_2025\ChiKiPay_Farsi_V6\app\src\main\res\drawable-mdpi\ic_folder.webp","OK","24","24","92"
"ic_folder","xhdpi","48","D:\RanD_Project_2025\Project_ChiKiPay_2025\ChiKiPay_Farsi_V6\app\src\main\res\drawable-xhdpi\ic_folder.webp","OK","48","48","130"
"ic_folder","xxhdpi","72","D:\RanD_Project_2025\Project_ChiKiPay_2025\ChiKiPay_Farsi_V6\app\src\main\res\drawable-xxhdpi\ic_folder.webp","OK","72","72","166"
"ic_folder","xxxhdpi","96","D:\RanD_Project_2025\Project_ChiKiPay_2025\ChiKiPay_Farsi_V6\app\src\main\res\drawable-xxxhdpi\ic_folder.webp","OK","96","96","200"
"ic_gift","hdpi","36","D:\RanD_Project_2025\Project_ChiKiPay_2025\ChiKiPay_Farsi_V6\app\src\main\res\drawable-hdpi\ic_gift.webp","OK","36","36","126"
"ic_gift","mdpi","24","D:\RanD_Project_2025\Project_ChiKiPay_2025\ChiKiPay_Farsi_V6\app\src\main\res\drawable-mdpi\ic_gift.webp","OK","24","24","104"
"ic_gift","xhdpi","48","D:\RanD_Project_2025\Project_ChiKiPay_2025\ChiKiPay_Farsi_V6\app\src\main\res\drawable-xhdpi\ic_gift.webp","OK","48","48","140"
"ic_gift","xxhdpi","72","D:\RanD_Project_2025\Project_ChiKiPay_2025\ChiKiPay_Farsi_V6\app\src\main\res\drawable-xxhdpi\ic_gift.webp","OK","72","72","178"
"ic_gift","xxxhdpi","96","D:\RanD_Project_2025\Project_ChiKiPay_2025\ChiKiPay_Farsi_V6\app\src\main\res\drawable-xxxhdpi\ic_gift.webp","OK","96","96","216"
"ic_heart","hdpi","36","D:\RanD_Project_2025\Project_ChiKiPay_2025\ChiKiPay_Farsi_V6\app\src\main\res\drawable-hdpi\ic_heart.webp","OK","36","36","166"
"ic_heart","mdpi","24","D:\RanD_Project_2025\Project_ChiKiPay_2025\ChiKiPay_Farsi_V6\app\src\main\res\drawable-mdpi\ic_heart.webp","OK","24","24","124"
"ic_heart","xhdpi","48","D:\RanD_Project_2025\Project_ChiKiPay_2025\ChiKiPay_Farsi_V6\app\src\main\res\drawable-xhdpi\ic_heart.webp","OK","48","48","222"
"ic_heart","xxhdpi","72","D:\RanD_Project_2025\Project_ChiKiPay_2025\ChiKiPay_Farsi_V6\app\src\main\res\drawable-xxhdpi\ic_heart.webp","OK","72","72","316"
"ic_heart","xxxhdpi","96","D:\RanD_Project_2025\Project_ChiKiPay_2025\ChiKiPay_Farsi_V6\app\src\main\res\drawable-xxxhdpi\ic_heart.webp","OK","96","96","434"
"ic_home","hdpi","36","D:\RanD_Project_2025\Project_ChiKiPay_2025\ChiKiPay_Farsi_V6\app\src\main\res\drawable-hdpi\ic_home.webp","OK","36","36","162"
"ic_home","mdpi","24","D:\RanD_Project_2025\Project_ChiKiPay_2025\ChiKiPay_Farsi_V6\app\src\main\res\drawable-mdpi\ic_home.webp","OK","24","24","118"
"ic_home","xhdpi","48","D:\RanD_Project_2025\Project_ChiKiPay_2025\ChiKiPay_Farsi_V6\app\src\main\res\drawable-xhdpi\ic_home.webp","OK","48","48","192"
"ic_home","xxhdpi","72","D:\RanD_Project_2025\Project_ChiKiPay_2025\ChiKiPay_Farsi_V6\app\src\main\res\drawable-xxhdpi\ic_home.webp","OK","72","72","270"
"ic_home","xxxhdpi","96","D:\RanD_Project_2025\Project_ChiKiPay_2025\ChiKiPay_Farsi_V6\app\src\main\res\drawable-xxxhdpi\ic_home.webp","OK","96","96","348"
"ic_info","hdpi","36","D:\RanD_Project_2025\Project_ChiKiPay_2025\ChiKiPay_Farsi_V6\app\src\main\res\drawable-hdpi\ic_info.webp","OK","36","36","100"
"ic_info","mdpi","24","D:\RanD_Project_2025\Project_ChiKiPay_2025\ChiKiPay_Farsi_V6\app\src\main\res\drawable-mdpi\ic_info.webp","OK","24","24","92"
"ic_info","xhdpi","48","D:\RanD_Project_2025\Project_ChiKiPay_2025\ChiKiPay_Farsi_V6\app\src\main\res\drawable-xhdpi\ic_info.webp","OK","48","48","122"
"ic_info","xxhdpi","72","D:\RanD_Project_2025\Project_ChiKiPay_2025\ChiKiPay_Farsi_V6\app\src\main\res\drawable-xxhdpi\ic_info.webp","OK","72","72","144"
"ic_info","xxxhdpi","96","D:\RanD_Project_2025\Project_ChiKiPay_2025\ChiKiPay_Farsi_V6\app\src\main\res\drawable-xxxhdpi\ic_info.webp","OK","96","96","182"
"ic_key","hdpi","36","D:\RanD_Project_2025\Project_ChiKiPay_2025\ChiKiPay_Farsi_V6\app\src\main\res\drawable-hdpi\ic_key.webp","OK","36","36","114"
"ic_key","mdpi","24","D:\RanD_Project_2025\Project_ChiKiPay_2025\ChiKiPay_Farsi_V6\app\src\main\res\drawable-mdpi\ic_key.webp","OK","24","24","94"
"ic_key","xhdpi","48","D:\RanD_Project_2025\Project_ChiKiPay_2025\ChiKiPay_Farsi_V6\app\src\main\res\drawable-xhdpi\ic_key.webp","OK","48","48","140"
"ic_key","xxhdpi","72","D:\RanD_Project_2025\Project_ChiKiPay_2025\ChiKiPay_Farsi_V6\app\src\main\res\drawable-xxhdpi\ic_key.webp","OK","72","72","180"
"ic_key","xxxhdpi","96","D:\RanD_Project_2025\Project_ChiKiPay_2025\ChiKiPay_Farsi_V6\app\src\main\res\drawable-xxxhdpi\ic_key.webp","OK","96","96","222"
"ic_link","hdpi","36","D:\RanD_Project_2025\Project_ChiKiPay_2025\ChiKiPay_Farsi_V6\app\src\main\res\drawable-hdpi\ic_link.webp","OK","36","36","128"
"ic_link","mdpi","24","D:\RanD_Project_2025\Project_ChiKiPay_2025\ChiKiPay_Farsi_V6\app\src\main\res\drawable-mdpi\ic_link.webp","OK","24","24","94"
"ic_link","xhdpi","48","D:\RanD_Project_2025\Project_ChiKiPay_2025\ChiKiPay_Farsi_V6\app\src\main\res\drawable-xhdpi\ic_link.webp","OK","48","48","146"
"ic_link","xxhdpi","72","D:\RanD_Project_2025\Project_ChiKiPay_2025\ChiKiPay_Farsi_V6\app\src\main\res\drawable-xxhdpi\ic_link.webp","OK","72","72","200"
"ic_link","xxxhdpi","96","D:\RanD_Project_2025\Project_ChiKiPay_2025\ChiKiPay_Farsi_V6\app\src\main\res\drawable-xxxhdpi\ic_link.webp","OK","96","96","264"
"ic_location","hdpi","36","D:\RanD_Project_2025\Project_ChiKiPay_2025\ChiKiPay_Farsi_V6\app\src\main\res\drawable-hdpi\ic_location.webp","OK","36","36","138"
"ic_location","mdpi","24","D:\RanD_Project_2025\Project_ChiKiPay_2025\ChiKiPay_Farsi_V6\app\src\main\res\drawable-mdpi\ic_location.webp","OK","24","24","110"
"ic_location","xhdpi","48","D:\RanD_Project_2025\Project_ChiKiPay_2025\ChiKiPay_Farsi_V6\app\src\main\res\drawable-xhdpi\ic_location.webp","OK","48","48","160"
"ic_location","xxhdpi","72","D:\RanD_Project_2025\Project_ChiKiPay_2025\ChiKiPay_Farsi_V6\app\src\main\res\drawable-xxhdpi\ic_location.webp","OK","72","72","216"
"ic_location","xxxhdpi","96","D:\RanD_Project_2025\Project_ChiKiPay_2025\ChiKiPay_Farsi_V6\app\src\main\res\drawable-xxxhdpi\ic_location.webp","OK","96","96","274"
"ic_lock","hdpi","36","D:\RanD_Project_2025\Project_ChiKiPay_2025\ChiKiPay_Farsi_V6\app\src\main\res\drawable-hdpi\ic_lock.webp","OK","36","36","130"
"ic_lock","mdpi","24","D:\RanD_Project_2025\Project_ChiKiPay_2025\ChiKiPay_Farsi_V6\app\src\main\res\drawable-mdpi\ic_lock.webp","OK","24","24","110"
"ic_lock","xhdpi","48","D:\RanD_Project_2025\Project_ChiKiPay_2025\ChiKiPay_Farsi_V6\app\src\main\res\drawable-xhdpi\ic_lock.webp","OK","48","48","158"
"ic_lock","xxhdpi","72","D:\RanD_Project_2025\Project_ChiKiPay_2025\ChiKiPay_Farsi_V6\app\src\main\res\drawable-xxhdpi\ic_lock.webp","OK","72","72","216"
"ic_lock","xxxhdpi","96","D:\RanD_Project_2025\Project_ChiKiPay_2025\ChiKiPay_Farsi_V6\app\src\main\res\drawable-xxxhdpi\ic_lock.webp","OK","96","96","260"
"ic_map","hdpi","36","D:\RanD_Project_2025\Project_ChiKiPay_2025\ChiKiPay_Farsi_V6\app\src\main\res\drawable-hdpi\ic_map.webp","OK","36","36","142"
"ic_map","mdpi","24","D:\RanD_Project_2025\Project_ChiKiPay_2025\ChiKiPay_Farsi_V6\app\src\main\res\drawable-mdpi\ic_map.webp","OK","24","24","110"
"ic_map","xhdpi","48","D:\RanD_Project_2025\Project_ChiKiPay_2025\ChiKiPay_Farsi_V6\app\src\main\res\drawable-xhdpi\ic_map.webp","OK","48","48","188"
"ic_map","xxhdpi","72","D:\RanD_Project_2025\Project_ChiKiPay_2025\ChiKiPay_Farsi_V6\app\src\main\res\drawable-xxhdpi\ic_map.webp","OK","72","72","262"
"ic_map","xxxhdpi","96","D:\RanD_Project_2025\Project_ChiKiPay_2025\ChiKiPay_Farsi_V6\app\src\main\res\drawable-xxxhdpi\ic_map.webp","OK","96","96","326"
"ic_menu","hdpi","36","D:\RanD_Project_2025\Project_ChiKiPay_2025\ChiKiPay_Farsi_V6\app\src\main\res\drawable-hdpi\ic_menu.webp","OK","36","36","110"
"ic_menu","mdpi","24","D:\RanD_Project_2025\Project_ChiKiPay_2025\ChiKiPay_Farsi_V6\app\src\main\res\drawable-mdpi\ic_menu.webp","OK","24","24","90"
"ic_menu","xhdpi","48","D:\RanD_Project_2025\Project_ChiKiPay_2025\ChiKiPay_Farsi_V6\app\src\main\res\drawable-xhdpi\ic_menu.webp","OK","48","48","112"
"ic_menu","xxhdpi","72","D:\RanD_Project_2025\Project_ChiKiPay_2025\ChiKiPay_Farsi_V6\app\src\main\res\drawable-xxhdpi\ic_menu.webp","OK","72","72","136"
"ic_menu","xxxhdpi","96","D:\RanD_Project_2025\Project_ChiKiPay_2025\ChiKiPay_Farsi_V6\app\src\main\res\drawable-xxxhdpi\ic_menu.webp","OK","96","96","164"
"ic_mic","hdpi","36","D:\RanD_Project_2025\Project_ChiKiPay_2025\ChiKiPay_Farsi_V6\app\src\main\res\drawable-hdpi\ic_mic.webp","OK","36","36","118"
"ic_mic","mdpi","24","D:\RanD_Project_2025\Project_ChiKiPay_2025\ChiKiPay_Farsi_V6\app\src\main\res\drawable-mdpi\ic_mic.webp","OK","24","24","96"
"ic_mic","xhdpi","48","D:\RanD_Project_2025\Project_ChiKiPay_2025\ChiKiPay_Farsi_V6\app\src\main\res\drawable-xhdpi\ic_mic.webp","OK","48","48","140"
"ic_mic","xxhdpi","72","D:\RanD_Project_2025\Project_ChiKiPay_2025\ChiKiPay_Farsi_V6\app\src\main\res\drawable-xxhdpi\ic_mic.webp","OK","72","72","172"
"ic_mic","xxxhdpi","96","D:\RanD_Project_2025\Project_ChiKiPay_2025\ChiKiPay_Farsi_V6\app\src\main\res\drawable-xxxhdpi\ic_mic.webp","OK","96","96","214"
"ic_minus","hdpi","36","D:\RanD_Project_2025\Project_ChiKiPay_2025\ChiKiPay_Farsi_V6\app\src\main\res\drawable-hdpi\ic_minus.webp","OK","36","36","100"
"ic_minus","mdpi","24","D:\RanD_Project_2025\Project_ChiKiPay_2025\ChiKiPay_Farsi_V6\app\src\main\res\drawable-mdpi\ic_minus.webp","OK","24","24","82"
"ic_minus","xhdpi","48","D:\RanD_Project_2025\Project_ChiKiPay_2025\ChiKiPay_Farsi_V6\app\src\main\res\drawable-xhdpi\ic_minus.webp","OK","48","48","104"
"ic_minus","xxhdpi","72","D:\RanD_Project_2025\Project_ChiKiPay_2025\ChiKiPay_Farsi_V6\app\src\main\res\drawable-xxhdpi\ic_minus.webp","OK","72","72","126"
"ic_minus","xxxhdpi","96","D:\RanD_Project_2025\Project_ChiKiPay_2025\ChiKiPay_Farsi_V6\app\src\main\res\drawable-xxxhdpi\ic_minus.webp","OK","96","96","156"
"ic_money","hdpi","36","D:\RanD_Project_2025\Project_ChiKiPay_2025\ChiKiPay_Farsi_V6\app\src\main\res\drawable-hdpi\ic_money.webp","OK","36","36","126"
"ic_money","mdpi","24","D:\RanD_Project_2025\Project_ChiKiPay_2025\ChiKiPay_Farsi_V6\app\src\main\res\drawable-mdpi\ic_money.webp","OK","24","24","106"
"ic_money","xhdpi","48","D:\RanD_Project_2025\Project_ChiKiPay_2025\ChiKiPay_Farsi_V6\app\src\main\res\drawable-xhdpi\ic_money.webp","OK","48","48","150"
"ic_money","xxhdpi","72","D:\RanD_Project_2025\Project_ChiKiPay_2025\ChiKiPay_Farsi_V6\app\src\main\res\drawable-xxhdpi\ic_money.webp","OK","72","72","202"
"ic_money","xxxhdpi","96","D:\RanD_Project_2025\Project_ChiKiPay_2025\ChiKiPay_Farsi_V6\app\src\main\res\drawable-xxxhdpi\ic_money.webp","OK","96","96","250"
"ic_more_h","hdpi","36","D:\RanD_Project_2025\Project_ChiKiPay_2025\ChiKiPay_Farsi_V6\app\src\main\res\drawable-hdpi\ic_more_h.webp","OK","36","36","118"
"ic_more_h","mdpi","24","D:\RanD_Project_2025\Project_ChiKiPay_2025\ChiKiPay_Farsi_V6\app\src\main\res\drawable-mdpi\ic_more_h.webp","OK","24","24","96"
"ic_more_h","xhdpi","48","D:\RanD_Project_2025\Project_ChiKiPay_2025\ChiKiPay_Farsi_V6\app\src\main\res\drawable-xhdpi\ic_more_h.webp","OK","48","48","128"
"ic_more_h","xxhdpi","72","D:\RanD_Project_2025\Project_ChiKiPay_2025\ChiKiPay_Farsi_V6\app\src\main\res\drawable-xxhdpi\ic_more_h.webp","OK","72","72","172"
"ic_more_h","xxxhdpi","96","D:\RanD_Project_2025\Project_ChiKiPay_2025\ChiKiPay_Farsi_V6\app\src\main\res\drawable-xxxhdpi\ic_more_h.webp","OK","96","96","204"
"ic_more_v","hdpi","36","D:\RanD_Project_2025\Project_ChiKiPay_2025\ChiKiPay_Farsi_V6\app\src\main\res\drawable-hdpi\ic_more_v.webp","OK","36","36","116"
"ic_more_v","mdpi","24","D:\RanD_Project_2025\Project_ChiKiPay_2025\ChiKiPay_Farsi_V6\app\src\main\res\drawable-mdpi\ic_more_v.webp","OK","24","24","92"
"ic_more_v","xhdpi","48","D:\RanD_Project_2025\Project_ChiKiPay_2025\ChiKiPay_Farsi_V6\app\src\main\res\drawable-xhdpi\ic_more_v.webp","OK","48","48","124"
"ic_more_v","xxhdpi","72","D:\RanD_Project_2025\Project_ChiKiPay_2025\ChiKiPay_Farsi_V6\app\src\main\res\drawable-xxhdpi\ic_more_v.webp","OK","72","72","162"
"ic_more_v","xxxhdpi","96","D:\RanD_Project_2025\Project_ChiKiPay_2025\ChiKiPay_Farsi_V6\app\src\main\res\drawable-xxxhdpi\ic_more_v.webp","OK","96","96","194"
"ic_paste","hdpi","36","D:\RanD_Project_2025\Project_ChiKiPay_2025\ChiKiPay_Farsi_V6\app\src\main\res\drawable-hdpi\ic_paste.webp","OK","36","36","118"
"ic_paste","mdpi","24","D:\RanD_Project_2025\Project_ChiKiPay_2025\ChiKiPay_Farsi_V6\app\src\main\res\drawable-mdpi\ic_paste.webp","OK","24","24","96"
"ic_paste","xhdpi","48","D:\RanD_Project_2025\Project_ChiKiPay_2025\ChiKiPay_Farsi_V6\app\src\main\res\drawable-xhdpi\ic_paste.webp","OK","48","48","132"
"ic_paste","xxhdpi","72","D:\RanD_Project_2025\Project_ChiKiPay_2025\ChiKiPay_Farsi_V6\app\src\main\res\drawable-xxhdpi\ic_paste.webp","OK","72","72","170"
"ic_paste","xxxhdpi","96","D:\RanD_Project_2025\Project_ChiKiPay_2025\ChiKiPay_Farsi_V6\app\src\main\res\drawable-xxxhdpi\ic_paste.webp","OK","96","96","204"
"ic_pause","hdpi","36","D:\RanD_Project_2025\Project_ChiKiPay_2025\ChiKiPay_Farsi_V6\app\src\main\res\drawable-hdpi\ic_pause.webp","OK","36","36","124"
"ic_pause","mdpi","24","D:\RanD_Project_2025\Project_ChiKiPay_2025\ChiKiPay_Farsi_V6\app\src\main\res\drawable-mdpi\ic_pause.webp","OK","24","24","98"
"ic_pause","xhdpi","48","D:\RanD_Project_2025\Project_ChiKiPay_2025\ChiKiPay_Farsi_V6\app\src\main\res\drawable-xhdpi\ic_pause.webp","OK","48","48","134"
"ic_pause","xxhdpi","72","D:\RanD_Project_2025\Project_ChiKiPay_2025\ChiKiPay_Farsi_V6\app\src\main\res\drawable-xxhdpi\ic_pause.webp","OK","72","72","182"
"ic_pause","xxxhdpi","96","D:\RanD_Project_2025\Project_ChiKiPay_2025\ChiKiPay_Farsi_V6\app\src\main\res\drawable-xxxhdpi\ic_pause.webp","OK","96","96","228"
"ic_phone","hdpi","36","D:\RanD_Project_2025\Project_ChiKiPay_2025\ChiKiPay_Farsi_V6\app\src\main\res\drawable-hdpi\ic_phone.webp","OK","36","36","134"
"ic_phone","mdpi","24","D:\RanD_Project_2025\Project_ChiKiPay_2025\ChiKiPay_Farsi_V6\app\src\main\res\drawable-mdpi\ic_phone.webp","OK","24","24","98"
"ic_phone","xhdpi","48","D:\RanD_Project_2025\Project_ChiKiPay_2025\ChiKiPay_Farsi_V6\app\src\main\res\drawable-xhdpi\ic_phone.webp","OK","48","48","158"
"ic_phone","xxhdpi","72","D:\RanD_Project_2025\Project_ChiKiPay_2025\ChiKiPay_Farsi_V6\app\src\main\res\drawable-xxhdpi\ic_phone.webp","OK","72","72","224"
"ic_phone","xxxhdpi","96","D:\RanD_Project_2025\Project_ChiKiPay_2025\ChiKiPay_Farsi_V6\app\src\main\res\drawable-xxxhdpi\ic_phone.webp","OK","96","96","276"
"ic_play","hdpi","36","D:\RanD_Project_2025\Project_ChiKiPay_2025\ChiKiPay_Farsi_V6\app\src\main\res\drawable-hdpi\ic_play.webp","OK","36","36","144"
"ic_play","mdpi","24","D:\RanD_Project_2025\Project_ChiKiPay_2025\ChiKiPay_Farsi_V6\app\src\main\res\drawable-mdpi\ic_play.webp","OK","24","24","106"
"ic_play","xhdpi","48","D:\RanD_Project_2025\Project_ChiKiPay_2025\ChiKiPay_Farsi_V6\app\src\main\res\drawable-xhdpi\ic_play.webp","OK","48","48","166"
"ic_play","xxhdpi","72","D:\RanD_Project_2025\Project_ChiKiPay_2025\ChiKiPay_Farsi_V6\app\src\main\res\drawable-xxhdpi\ic_play.webp","OK","72","72","246"
"ic_play","xxxhdpi","96","D:\RanD_Project_2025\Project_ChiKiPay_2025\ChiKiPay_Farsi_V6\app\src\main\res\drawable-xxxhdpi\ic_play.webp","OK","96","96","310"
"ic_plus","hdpi","36","D:\RanD_Project_2025\Project_ChiKiPay_2025\ChiKiPay_Farsi_V6\app\src\main\res\drawable-hdpi\ic_plus.webp","OK","36","36","108"
"ic_plus","mdpi","24","D:\RanD_Project_2025\Project_ChiKiPay_2025\ChiKiPay_Farsi_V6\app\src\main\res\drawable-mdpi\ic_plus.webp","OK","24","24","86"
"ic_plus","xhdpi","48","D:\RanD_Project_2025\Project_ChiKiPay_2025\ChiKiPay_Farsi_V6\app\src\main\res\drawable-xhdpi\ic_plus.webp","OK","48","48","118"
"ic_plus","xxhdpi","72","D:\RanD_Project_2025\Project_ChiKiPay_2025\ChiKiPay_Farsi_V6\app\src\main\res\drawable-xxhdpi\ic_plus.webp","OK","72","72","138"
"ic_plus","xxxhdpi","96","D:\RanD_Project_2025\Project_ChiKiPay_2025\ChiKiPay_Farsi_V6\app\src\main\res\drawable-xxxhdpi\ic_plus.webp","OK","96","96","170"
"ic_qr","hdpi","36","D:\RanD_Project_2025\Project_ChiKiPay_2025\ChiKiPay_Farsi_V6\app\src\main\res\drawable-hdpi\ic_qr.webp","OK","36","36","116"
"ic_qr","mdpi","24","D:\RanD_Project_2025\Project_ChiKiPay_2025\ChiKiPay_Farsi_V6\app\src\main\res\drawable-mdpi\ic_qr.webp","OK","24","24","98"
"ic_qr","xhdpi","48","D:\RanD_Project_2025\Project_ChiKiPay_2025\ChiKiPay_Farsi_V6\app\src\main\res\drawable-xhdpi\ic_qr.webp","OK","48","48","130"
"ic_qr","xxhdpi","72","D:\RanD_Project_2025\Project_ChiKiPay_2025\ChiKiPay_Farsi_V6\app\src\main\res\drawable-xxhdpi\ic_qr.webp","OK","72","72","156"
"ic_qr","xxxhdpi","96","D:\RanD_Project_2025\Project_ChiKiPay_2025\ChiKiPay_Farsi_V6\app\src\main\res\drawable-xxxhdpi\ic_qr.webp","OK","96","96","188"
"ic_radio_off","hdpi","36","D:\RanD_Project_2025\Project_ChiKiPay_2025\ChiKiPay_Farsi_V6\app\src\main\res\drawable-hdpi\ic_radio_off.webp","OK","36","36","158"
"ic_radio_off","mdpi","24","D:\RanD_Project_2025\Project_ChiKiPay_2025\ChiKiPay_Farsi_V6\app\src\main\res\drawable-mdpi\ic_radio_off.webp","OK","24","24","112"
"ic_radio_off","xhdpi","48","D:\RanD_Project_2025\Project_ChiKiPay_2025\ChiKiPay_Farsi_V6\app\src\main\res\drawable-xhdpi\ic_radio_off.webp","OK","48","48","182"
"ic_radio_off","xxhdpi","72","D:\RanD_Project_2025\Project_ChiKiPay_2025\ChiKiPay_Farsi_V6\app\src\main\res\drawable-xxhdpi\ic_radio_off.webp","OK","72","72","246"
"ic_radio_off","xxxhdpi","96","D:\RanD_Project_2025\Project_ChiKiPay_2025\ChiKiPay_Farsi_V6\app\src\main\res\drawable-xxxhdpi\ic_radio_off.webp","OK","96","96","322"
"ic_radio_on","hdpi","36","D:\RanD_Project_2025\Project_ChiKiPay_2025\ChiKiPay_Farsi_V6\app\src\main\res\drawable-hdpi\ic_radio_on.webp","OK","36","36","164"
"ic_radio_on","mdpi","24","D:\RanD_Project_2025\Project_ChiKiPay_2025\ChiKiPay_Farsi_V6\app\src\main\res\drawable-mdpi\ic_radio_on.webp","OK","24","24","120"
"ic_radio_on","xhdpi","48","D:\RanD_Project_2025\Project_ChiKiPay_2025\ChiKiPay_Farsi_V6\app\src\main\res\drawable-xhdpi\ic_radio_on.webp","OK","48","48","196"
"ic_radio_on","xxhdpi","72","D:\RanD_Project_2025\Project_ChiKiPay_2025\ChiKiPay_Farsi_V6\app\src\main\res\drawable-xxhdpi\ic_radio_on.webp","OK","72","72","264"
"ic_radio_on","xxxhdpi","96","D:\RanD_Project_2025\Project_ChiKiPay_2025\ChiKiPay_Farsi_V6\app\src\main\res\drawable-xxxhdpi\ic_radio_on.webp","OK","96","96","354"
"ic_receipt","hdpi","36","D:\RanD_Project_2025\Project_ChiKiPay_2025\ChiKiPay_Farsi_V6\app\src\main\res\drawable-hdpi\ic_receipt.webp","OK","36","36","118"
"ic_receipt","mdpi","24","D:\RanD_Project_2025\Project_ChiKiPay_2025\ChiKiPay_Farsi_V6\app\src\main\res\drawable-mdpi\ic_receipt.webp","OK","24","24","92"
"ic_receipt","xhdpi","48","D:\RanD_Project_2025\Project_ChiKiPay_2025\ChiKiPay_Farsi_V6\app\src\main\res\drawable-xhdpi\ic_receipt.webp","OK","48","48","140"
"ic_receipt","xxhdpi","72","D:\RanD_Project_2025\Project_ChiKiPay_2025\ChiKiPay_Farsi_V6\app\src\main\res\drawable-xxhdpi\ic_receipt.webp","OK","72","72","182"
"ic_receipt","xxxhdpi","96","D:\RanD_Project_2025\Project_ChiKiPay_2025\ChiKiPay_Farsi_V6\app\src\main\res\drawable-xxxhdpi\ic_receipt.webp","OK","96","96","218"
"ic_refresh","hdpi","36","D:\RanD_Project_2025\Project_ChiKiPay_2025\ChiKiPay_Farsi_V6\app\src\main\res\drawable-hdpi\ic_refresh.webp","OK","36","36","158"
"ic_refresh","mdpi","24","D:\RanD_Project_2025\Project_ChiKiPay_2025\ChiKiPay_Farsi_V6\app\src\main\res\drawable-mdpi\ic_refresh.webp","OK","24","24","114"
"ic_refresh","xhdpi","48","D:\RanD_Project_2025\Project_ChiKiPay_2025\ChiKiPay_Farsi_V6\app\src\main\res\drawable-xhdpi\ic_refresh.webp","OK","48","48","198"
"ic_refresh","xxhdpi","72","D:\RanD_Project_2025\Project_ChiKiPay_2025\ChiKiPay_Farsi_V6\app\src\main\res\drawable-xxhdpi\ic_refresh.webp","OK","72","72","258"
"ic_refresh","xxxhdpi","96","D:\RanD_Project_2025\Project_ChiKiPay_2025\ChiKiPay_Farsi_V6\app\src\main\res\drawable-xxxhdpi\ic_refresh.webp","OK","96","96","336"
"ic_scan","hdpi","36","D:\RanD_Project_2025\Project_ChiKiPay_2025\ChiKiPay_Farsi_V6\app\src\main\res\drawable-hdpi\ic_scan.webp","OK","36","36","116"
"ic_scan","mdpi","24","D:\RanD_Project_2025\Project_ChiKiPay_2025\ChiKiPay_Farsi_V6\app\src\main\res\drawable-mdpi\ic_scan.webp","OK","24","24","98"
"ic_scan","xhdpi","48","D:\RanD_Project_2025\Project_ChiKiPay_2025\ChiKiPay_Farsi_V6\app\src\main\res\drawable-xhdpi\ic_scan.webp","OK","48","48","136"
"ic_scan","xxhdpi","72","D:\RanD_Project_2025\Project_ChiKiPay_2025\ChiKiPay_Farsi_V6\app\src\main\res\drawable-xxhdpi\ic_scan.webp","OK","72","72","160"
"ic_scan","xxxhdpi","96","D:\RanD_Project_2025\Project_ChiKiPay_2025\ChiKiPay_Farsi_V6\app\src\main\res\drawable-xxxhdpi\ic_scan.webp","OK","96","96","196"
"ic_search","hdpi","36","D:\RanD_Project_2025\Project_ChiKiPay_2025\ChiKiPay_Farsi_V6\app\src\main\res\drawable-hdpi\ic_search.webp","OK","36","36","150"
"ic_search","mdpi","24","D:\RanD_Project_2025\Project_ChiKiPay_2025\ChiKiPay_Farsi_V6\app\src\main\res\drawable-mdpi\ic_search.webp","OK","24","24","116"
"ic_search","xhdpi","48","D:\RanD_Project_2025\Project_ChiKiPay_2025\ChiKiPay_Farsi_V6\app\src\main\res\drawable-xhdpi\ic_search.webp","OK","48","48","176"
"ic_search","xxhdpi","72","D:\RanD_Project_2025\Project_ChiKiPay_2025\ChiKiPay_Farsi_V6\app\src\main\res\drawable-xxhdpi\ic_search.webp","OK","72","72","238"
"ic_search","xxxhdpi","96","D:\RanD_Project_2025\Project_ChiKiPay_2025\ChiKiPay_Farsi_V6\app\src\main\res\drawable-xxxhdpi\ic_search.webp","OK","96","96","312"
"ic_settings","hdpi","36","D:\RanD_Project_2025\Project_ChiKiPay_2025\ChiKiPay_Farsi_V6\app\src\main\res\drawable-hdpi\ic_settings.webp","OK","36","36","146"
"ic_settings","mdpi","24","D:\RanD_Project_2025\Project_ChiKiPay_2025\ChiKiPay_Farsi_V6\app\src\main\res\drawable-mdpi\ic_settings.webp","OK","24","24","114"
"ic_settings","xhdpi","48","D:\RanD_Project_2025\Project_ChiKiPay_2025\ChiKiPay_Farsi_V6\app\src\main\res\drawable-xhdpi\ic_settings.webp","OK","48","48","172"
"ic_settings","xxhdpi","72","D:\RanD_Project_2025\Project_ChiKiPay_2025\ChiKiPay_Farsi_V6\app\src\main\res\drawable-xxhdpi\ic_settings.webp","OK","72","72","230"
"ic_settings","xxxhdpi","96","D:\RanD_Project_2025\Project_ChiKiPay_2025\ChiKiPay_Farsi_V6\app\src\main\res\drawable-xxxhdpi\ic_settings.webp","OK","96","96","294"
"ic_share","hdpi","36","D:\RanD_Project_2025\Project_ChiKiPay_2025\ChiKiPay_Farsi_V6\app\src\main\res\drawable-hdpi\ic_share.webp","OK","36","36","140"
"ic_share","mdpi","24","D:\RanD_Project_2025\Project_ChiKiPay_2025\ChiKiPay_Farsi_V6\app\src\main\res\drawable-mdpi\ic_share.webp","OK","24","24","116"
"ic_share","xhdpi","48","D:\RanD_Project_2025\Project_ChiKiPay_2025\ChiKiPay_Farsi_V6\app\src\main\res\drawable-xhdpi\ic_share.webp","OK","48","48","160"
"ic_share","xxhdpi","72","D:\RanD_Project_2025\Project_ChiKiPay_2025\ChiKiPay_Farsi_V6\app\src\main\res\drawable-xxhdpi\ic_share.webp","OK","72","72","218"
"ic_share","xxxhdpi","96","D:\RanD_Project_2025\Project_ChiKiPay_2025\ChiKiPay_Farsi_V6\app\src\main\res\drawable-xxxhdpi\ic_share.webp","OK","96","96","280"
"ic_shield","hdpi","36","D:\RanD_Project_2025\Project_ChiKiPay_2025\ChiKiPay_Farsi_V6\app\src\main\res\drawable-hdpi\ic_shield.webp","OK","36","36","172"
"ic_shield","mdpi","24","D:\RanD_Project_2025\Project_ChiKiPay_2025\ChiKiPay_Farsi_V6\app\src\main\res\drawable-mdpi\ic_shield.webp","OK","24","24","114"
"ic_shield","xhdpi","48","D:\RanD_Project_2025\Project_ChiKiPay_2025\ChiKiPay_Farsi_V6\app\src\main\res\drawable-xhdpi\ic_shield.webp","OK","48","48","208"
"ic_shield","xxhdpi","72","D:\RanD_Project_2025\Project_ChiKiPay_2025\ChiKiPay_Farsi_V6\app\src\main\res\drawable-xxhdpi\ic_shield.webp","OK","72","72","300"
"ic_shield","xxxhdpi","96","D:\RanD_Project_2025\Project_ChiKiPay_2025\ChiKiPay_Farsi_V6\app\src\main\res\drawable-xxxhdpi\ic_shield.webp","OK","96","96","380"
"ic_star","hdpi","36","D:\RanD_Project_2025\Project_ChiKiPay_2025\ChiKiPay_Farsi_V6\app\src\main\res\drawable-hdpi\ic_star.webp","OK","36","36","166"
"ic_star","mdpi","24","D:\RanD_Project_2025\Project_ChiKiPay_2025\ChiKiPay_Farsi_V6\app\src\main\res\drawable-mdpi\ic_star.webp","OK","24","24","120"
"ic_star","xhdpi","48","D:\RanD_Project_2025\Project_ChiKiPay_2025\ChiKiPay_Farsi_V6\app\src\main\res\drawable-xhdpi\ic_star.webp","OK","48","48","202"
"ic_star","xxhdpi","72","D:\RanD_Project_2025\Project_ChiKiPay_2025\ChiKiPay_Farsi_V6\app\src\main\res\drawable-xxhdpi\ic_star.webp","OK","72","72","280"
"ic_star","xxxhdpi","96","D:\RanD_Project_2025\Project_ChiKiPay_2025\ChiKiPay_Farsi_V6\app\src\main\res\drawable-xxxhdpi\ic_star.webp","OK","96","96","366"
"ic_stop","hdpi","36","D:\RanD_Project_2025\Project_ChiKiPay_2025\ChiKiPay_Farsi_V6\app\src\main\res\drawable-hdpi\ic_stop.webp","OK","36","36","110"
"ic_stop","mdpi","24","D:\RanD_Project_2025\Project_ChiKiPay_2025\ChiKiPay_Farsi_V6\app\src\main\res\drawable-mdpi\ic_stop.webp","OK","24","24","90"
"ic_stop","xhdpi","48","D:\RanD_Project_2025\Project_ChiKiPay_2025\ChiKiPay_Farsi_V6\app\src\main\res\drawable-xhdpi\ic_stop.webp","OK","48","48","124"
"ic_stop","xxhdpi","72","D:\RanD_Project_2025\Project_ChiKiPay_2025\ChiKiPay_Farsi_V6\app\src\main\res\drawable-xxhdpi\ic_stop.webp","OK","72","72","160"
"ic_stop","xxxhdpi","96","D:\RanD_Project_2025\Project_ChiKiPay_2025\ChiKiPay_Farsi_V6\app\src\main\res\drawable-xxxhdpi\ic_stop.webp","OK","96","96","194"
"ic_tag","hdpi","36","D:\RanD_Project_2025\Project_ChiKiPay_2025\ChiKiPay_Farsi_V6\app\src\main\res\drawable-hdpi\ic_tag.webp","OK","36","36","140"
"ic_tag","mdpi","24","D:\RanD_Project_2025\Project_ChiKiPay_2025\ChiKiPay_Farsi_V6\app\src\main\res\drawable-mdpi\ic_tag.webp","OK","24","24","110"
"ic_tag","xhdpi","48","D:\RanD_Project_2025\Project_ChiKiPay_2025\ChiKiPay_Farsi_V6\app\src\main\res\drawable-xhdpi\ic_tag.webp","OK","48","48","182"
"ic_tag","xxhdpi","72","D:\RanD_Project_2025\Project_ChiKiPay_2025\ChiKiPay_Farsi_V6\app\src\main\res\drawable-xxhdpi\ic_tag.webp","OK","72","72","244"
"ic_tag","xxxhdpi","96","D:\RanD_Project_2025\Project_ChiKiPay_2025\ChiKiPay_Farsi_V6\app\src\main\res\drawable-xxxhdpi\ic_tag.webp","OK","96","96","320"
"ic_ticket","hdpi","36","D:\RanD_Project_2025\Project_ChiKiPay_2025\ChiKiPay_Farsi_V6\app\src\main\res\drawable-hdpi\ic_ticket.webp","OK","36","36","128"
"ic_ticket","mdpi","24","D:\RanD_Project_2025\Project_ChiKiPay_2025\ChiKiPay_Farsi_V6\app\src\main\res\drawable-mdpi\ic_ticket.webp","OK","24","24","106"
"ic_ticket","xhdpi","48","D:\RanD_Project_2025\Project_ChiKiPay_2025\ChiKiPay_Farsi_V6\app\src\main\res\drawable-xhdpi\ic_ticket.webp","OK","48","48","156"
"ic_ticket","xxhdpi","72","D:\RanD_Project_2025\Project_ChiKiPay_2025\ChiKiPay_Farsi_V6\app\src\main\res\drawable-xxhdpi\ic_ticket.webp","OK","72","72","200"
"ic_ticket","xxxhdpi","96","D:\RanD_Project_2025\Project_ChiKiPay_2025\ChiKiPay_Farsi_V6\app\src\main\res\drawable-xxxhdpi\ic_ticket.webp","OK","96","96","246"
"ic_toggle_off","hdpi","36","D:\RanD_Project_2025\Project_ChiKiPay_2025\ChiKiPay_Farsi_V6\app\src\main\res\drawable-hdpi\ic_toggle_off.webp","OK","36","36","136"
"ic_toggle_off","mdpi","24","D:\RanD_Project_2025\Project_ChiKiPay_2025\ChiKiPay_Farsi_V6\app\src\main\res\drawable-mdpi\ic_toggle_off.webp","OK","24","24","102"
"ic_toggle_off","xhdpi","48","D:\RanD_Project_2025\Project_ChiKiPay_2025\ChiKiPay_Farsi_V6\app\src\main\res\drawable-xhdpi\ic_toggle_off.webp","OK","48","48","152"
"ic_toggle_off","xxhdpi","72","D:\RanD_Project_2025\Project_ChiKiPay_2025\ChiKiPay_Farsi_V6\app\src\main\res\drawable-xxhdpi\ic_toggle_off.webp","OK","72","72","198"
"ic_toggle_off","xxxhdpi","96","D:\RanD_Project_2025\Project_ChiKiPay_2025\ChiKiPay_Farsi_V6\app\src\main\res\drawable-xxxhdpi\ic_toggle_off.webp","OK","96","96","238"
"ic_toggle_on","hdpi","36","D:\RanD_Project_2025\Project_ChiKiPay_2025\ChiKiPay_Farsi_V6\app\src\main\res\drawable-hdpi\ic_toggle_on.webp","OK","36","36","136"
"ic_toggle_on","mdpi","24","D:\RanD_Project_2025\Project_ChiKiPay_2025\ChiKiPay_Farsi_V6\app\src\main\res\drawable-mdpi\ic_toggle_on.webp","OK","24","24","102"
"ic_toggle_on","xhdpi","48","D:\RanD_Project_2025\Project_ChiKiPay_2025\ChiKiPay_Farsi_V6\app\src\main\res\drawable-xhdpi\ic_toggle_on.webp","OK","48","48","152"
"ic_toggle_on","xxhdpi","72","D:\RanD_Project_2025\Project_ChiKiPay_2025\ChiKiPay_Farsi_V6\app\src\main\res\drawable-xxhdpi\ic_toggle_on.webp","OK","72","72","198"
"ic_toggle_on","xxxhdpi","96","D:\RanD_Project_2025\Project_ChiKiPay_2025\ChiKiPay_Farsi_V6\app\src\main\res\drawable-xxxhdpi\ic_toggle_on.webp","OK","96","96","240"
"ic_trash","hdpi","36","D:\RanD_Project_2025\Project_ChiKiPay_2025\ChiKiPay_Farsi_V6\app\src\main\res\drawable-hdpi\ic_trash.webp","OK","36","36","118"
"ic_trash","mdpi","24","D:\RanD_Project_2025\Project_ChiKiPay_2025\ChiKiPay_Farsi_V6\app\src\main\res\drawable-mdpi\ic_trash.webp","OK","24","24","100"
"ic_trash","xhdpi","48","D:\RanD_Project_2025\Project_ChiKiPay_2025\ChiKiPay_Farsi_V6\app\src\main\res\drawable-xhdpi\ic_trash.webp","OK","48","48","132"
"ic_trash","xxhdpi","72","D:\RanD_Project_2025\Project_ChiKiPay_2025\ChiKiPay_Farsi_V6\app\src\main\res\drawable-xxhdpi\ic_trash.webp","OK","72","72","160"
"ic_trash","xxxhdpi","96","D:\RanD_Project_2025\Project_ChiKiPay_2025\ChiKiPay_Farsi_V6\app\src\main\res\drawable-xxxhdpi\ic_trash.webp","OK","96","96","196"
"ic_upload","hdpi","36","D:\RanD_Project_2025\Project_ChiKiPay_2025\ChiKiPay_Farsi_V6\app\src\main\res\drawable-hdpi\ic_upload.webp","OK","36","36","146"
"ic_upload","mdpi","24","D:\RanD_Project_2025\Project_ChiKiPay_2025\ChiKiPay_Farsi_V6\app\src\main\res\drawable-mdpi\ic_upload.webp","OK","24","24","112"
"ic_upload","xhdpi","48","D:\RanD_Project_2025\Project_ChiKiPay_2025\ChiKiPay_Farsi_V6\app\src\main\res\drawable-xhdpi\ic_upload.webp","OK","48","48","182"
"ic_upload","xxhdpi","72","D:\RanD_Project_2025\Project_ChiKiPay_2025\ChiKiPay_Farsi_V6\app\src\main\res\drawable-xxhdpi\ic_upload.webp","OK","72","72","240"
"ic_upload","xxxhdpi","96","D:\RanD_Project_2025\Project_ChiKiPay_2025\ChiKiPay_Farsi_V6\app\src\main\res\drawable-xxxhdpi\ic_upload.webp","OK","96","96","300"
"ic_user","hdpi","36","D:\RanD_Project_2025\Project_ChiKiPay_2025\ChiKiPay_Farsi_V6\app\src\main\res\drawable-hdpi\ic_user.webp","OK","36","36","154"
"ic_user","mdpi","24","D:\RanD_Project_2025\Project_ChiKiPay_2025\ChiKiPay_Farsi_V6\app\src\main\res\drawable-mdpi\ic_user.webp","OK","24","24","112"
"ic_user","xhdpi","48","D:\RanD_Project_2025\Project_ChiKiPay_2025\ChiKiPay_Farsi_V6\app\src\main\res\drawable-xhdpi\ic_user.webp","OK","48","48","180"
"ic_user","xxhdpi","72","D:\RanD_Project_2025\Project_ChiKiPay_2025\ChiKiPay_Farsi_V6\app\src\main\res\drawable-xxhdpi\ic_user.webp","OK","72","72","244"
"ic_user","xxxhdpi","96","D:\RanD_Project_2025\Project_ChiKiPay_2025\ChiKiPay_Farsi_V6\app\src\main\res\drawable-xxxhdpi\ic_user.webp","OK","96","96","304"
"ic_warning","hdpi","36","D:\RanD_Project_2025\Project_ChiKiPay_2025\ChiKiPay_Farsi_V6\app\src\main\res\drawable-hdpi\ic_warning.webp","OK","36","36","170"
"ic_warning","mdpi","24","D:\RanD_Project_2025\Project_ChiKiPay_2025\ChiKiPay_Farsi_V6\app\src\main\res\drawable-mdpi\ic_warning.webp","OK","24","24","124"
"ic_warning","xhdpi","48","D:\RanD_Project_2025\Project_ChiKiPay_2025\ChiKiPay_Farsi_V6\app\src\main\res\drawable-xhdpi\ic_warning.webp","OK","48","48","184"
"ic_warning","xxhdpi","72","D:\RanD_Project_2025\Project_ChiKiPay_2025\ChiKiPay_Farsi_V6\app\src\main\res\drawable-xxhdpi\ic_warning.webp","OK","72","72","274"
"ic_warning","xxxhdpi","96","D:\RanD_Project_2025\Project_ChiKiPay_2025\ChiKiPay_Farsi_V6\app\src\main\res\drawable-xxxhdpi\ic_warning.webp","OK","96","96","346"
"ic_wifi","hdpi","36","D:\RanD_Project_2025\Project_ChiKiPay_2025\ChiKiPay_Farsi_V6\app\src\main\res\drawable-hdpi\ic_wifi.webp","OK","36","36","176"
"ic_wifi","mdpi","24","D:\RanD_Project_2025\Project_ChiKiPay_2025\ChiKiPay_Farsi_V6\app\src\main\res\drawable-mdpi\ic_wifi.webp","OK","24","24","126"
"ic_wifi","xhdpi","48","D:\RanD_Project_2025\Project_ChiKiPay_2025\ChiKiPay_Farsi_V6\app\src\main\res\drawable-xhdpi\ic_wifi.webp","OK","48","48","232"
"ic_wifi","xxhdpi","72","D:\RanD_Project_2025\Project_ChiKiPay_2025\ChiKiPay_Farsi_V6\app\src\main\res\drawable-xxhdpi\ic_wifi.webp","OK","72","72","352"
"ic_wifi","xxxhdpi","96","D:\RanD_Project_2025\Project_ChiKiPay_2025\ChiKiPay_Farsi_V6\app\src\main\res\drawable-xxxhdpi\ic_wifi.webp","OK","96","96","450"
"ic_x_circle","hdpi","36","D:\RanD_Project_2025\Project_ChiKiPay_2025\ChiKiPay_Farsi_V6\app\src\main\res\drawable-hdpi\ic_x_circle.webp","OK","36","36","178"
"ic_x_circle","mdpi","24","D:\RanD_Project_2025\Project_ChiKiPay_2025\ChiKiPay_Farsi_V6\app\src\main\res\drawable-mdpi\ic_x_circle.webp","OK","24","24","130"
"ic_x_circle","xhdpi","48","D:\RanD_Project_2025\Project_ChiKiPay_2025\ChiKiPay_Farsi_V6\app\src\main\res\drawable-xhdpi\ic_x_circle.webp","OK","48","48","210"
"ic_x_circle","xxhdpi","72","D:\RanD_Project_2025\Project_ChiKiPay_2025\ChiKiPay_Farsi_V6\app\src\main\res\drawable-xxhdpi\ic_x_circle.webp","OK","72","72","294"
"ic_x_circle","xxxhdpi","96","D:\RanD_Project_2025\Project_ChiKiPay_2025\ChiKiPay_Farsi_V6\app\src\main\res\drawable-xxxhdpi\ic_x_circle.webp","OK","96","96","396"

